2026-04-04 15:54:13,error:401 Client Error: Unauthorized for url: https://api.tikhub.io/api/v1/douyin/app/v3/fetch_user_post_videos?sec_user_id=MS4wLjABAAAAGjKNHxjkCZkvHOlbQoak8AfOMAzx94au5szDYGhfcv4&max_cursor=0&count=20&sort_type=0,,MS4wLjABAAAAGjKNHxjkCZkvHOlbQoak8AfOMAzx94au5szDYGhfcv4
2026-04-04 15:54:14,error:401 Client Error: Unauthorized for url: https://api.tikhub.io/api/v1/douyin/app/v3/fetch_user_post_videos?sec_user_id=MS4wLjABAAAAGjKNHxjkCZkvHOlbQoak8AfOMAzx94au5szDYGhfcv4&max_cursor=0&count=20&sort_type=0,,MS4wLjABAAAAGjKNHxjkCZkvHOlbQoak8AfOMAzx94au5szDYGhfcv4
2026-04-04 15:54:17,error:401 Client Error: Unauthorized for url: https://api.tikhub.io/api/v1/douyin/app/v3/fetch_user_post_videos?sec_user_id=MS4wLjABAAAAGjKNHxjkCZkvHOlbQoak8AfOMAzx94au5szDYGhfcv4&max_cursor=0&count=20&sort_type=0,,MS4wLjABAAAAGjKNHxjkCZkvHOlbQoak8AfOMAzx94au5szDYGhfcv4
2026-04-04 16:02:04,error:402 Client Error: Payment Required for url: https://api.tikhub.io/api/v1/douyin/app/v3/fetch_user_post_videos?sec_user_id=MS4wLjABAAAAGjKNHxjkCZkvHOlbQoak8AfOMAzx94au5szDYGhfcv4&max_cursor=0&count=20&sort_type=0,,MS4wLjABAAAAGjKNHxjkCZkvHOlbQoak8AfOMAzx94au5szDYGhfcv4
2026-04-04 16:02:06,error:402 Client Error: Payment Required for url: https://api.tikhub.io/api/v1/douyin/app/v3/fetch_user_post_videos?sec_user_id=MS4wLjABAAAAGjKNHxjkCZkvHOlbQoak8AfOMAzx94au5szDYGhfcv4&max_cursor=0&count=20&sort_type=0,,MS4wLjABAAAAGjKNHxjkCZkvHOlbQoak8AfOMAzx94au5szDYGhfcv4
2026-04-04 16:02:08,error:402 Client Error: Payment Required for url: https://api.tikhub.io/api/v1/douyin/app/v3/fetch_user_post_videos?sec_user_id=MS4wLjABAAAAGjKNHxjkCZkvHOlbQoak8AfOMAzx94au5szDYGhfcv4&max_cursor=0&count=20&sort_type=0,,MS4wLjABAAAAGjKNHxjkCZkvHOlbQoak8AfOMAzx94au5szDYGhfcv4
2026-04-04 16:45:48,error:402 Client Error: Payment Required for url: https://api.tikhub.io/api/v1/douyin/app/v3/fetch_user_post_videos?sec_user_id=MS4wLjABAAAAGjKNHxjkCZkvHOlbQoak8AfOMAzx94au5szDYGhfcv4&max_cursor=0&count=20&sort_type=0,,MS4wLjABAAAAGjKNHxjkCZkvHOlbQoak8AfOMAzx94au5szDYGhfcv4
2026-04-04 16:45:49,error:402 Client Error: Payment Required for url: https://api.tikhub.io/api/v1/douyin/app/v3/fetch_user_post_videos?sec_user_id=MS4wLjABAAAAGjKNHxjkCZkvHOlbQoak8AfOMAzx94au5szDYGhfcv4&max_cursor=0&count=20&sort_type=0,,MS4wLjABAAAAGjKNHxjkCZkvHOlbQoak8AfOMAzx94au5szDYGhfcv4
2026-04-04 16:45:52,error:402 Client Error: Payment Required for url: https://api.tikhub.io/api/v1/douyin/app/v3/fetch_user_post_videos?sec_user_id=MS4wLjABAAAAGjKNHxjkCZkvHOlbQoak8AfOMAzx94au5szDYGhfcv4&max_cursor=0&count=20&sort_type=0,,MS4wLjABAAAAGjKNHxjkCZkvHOlbQoak8AfOMAzx94au5szDYGhfcv4
2026-04-04 17:22:16,error:402 Client Error: Payment Required for url: https://api.tikhub.io/api/v1/douyin/app/v3/fetch_user_post_videos?sec_user_id=MS4wLjABAAAAGjKNHxjkCZkvHOlbQoak8AfOMAzx94au5szDYGhfcv4&max_cursor=0&count=20&sort_type=0,,MS4wLjABAAAAGjKNHxjkCZkvHOlbQoak8AfOMAzx94au5szDYGhfcv4
2026-04-04 17:22:19,error:402 Client Error: Payment Required for url: https://api.tikhub.io/api/v1/douyin/app/v3/fetch_user_post_videos?sec_user_id=MS4wLjABAAAAGjKNHxjkCZkvHOlbQoak8AfOMAzx94au5szDYGhfcv4&max_cursor=0&count=20&sort_type=0,,MS4wLjABAAAAGjKNHxjkCZkvHOlbQoak8AfOMAzx94au5szDYGhfcv4
2026-04-04 17:22:21,error:402 Client Error: Payment Required for url: https://api.tikhub.io/api/v1/douyin/app/v3/fetch_user_post_videos?sec_user_id=MS4wLjABAAAAGjKNHxjkCZkvHOlbQoak8AfOMAzx94au5szDYGhfcv4&max_cursor=0&count=20&sort_type=0,,MS4wLjABAAAAGjKNHxjkCZkvHOlbQoak8AfOMAzx94au5szDYGhfcv4
2026-04-04 18:48:39,error:402 Client Error: Payment Required for url: https://api.tikhub.io/api/v1/douyin/app/v3/fetch_user_post_videos?sec_user_id=MS4wLjABAAAAGjKNHxjkCZkvHOlbQoak8AfOMAzx94au5szDYGhfcv4&max_cursor=0&count=20&sort_type=0,,MS4wLjABAAAAGjKNHxjkCZkvHOlbQoak8AfOMAzx94au5szDYGhfcv4
2026-04-04 18:48:40,error:402 Client Error: Payment Required for url: https://api.tikhub.io/api/v1/douyin/app/v3/fetch_user_post_videos?sec_user_id=MS4wLjABAAAAGjKNHxjkCZkvHOlbQoak8AfOMAzx94au5szDYGhfcv4&max_cursor=0&count=20&sort_type=0,,MS4wLjABAAAAGjKNHxjkCZkvHOlbQoak8AfOMAzx94au5szDYGhfcv4
2026-04-04 18:48:43,error:402 Client Error: Payment Required for url: https://api.tikhub.io/api/v1/douyin/app/v3/fetch_user_post_videos?sec_user_id=MS4wLjABAAAAGjKNHxjkCZkvHOlbQoak8AfOMAzx94au5szDYGhfcv4&max_cursor=0&count=20&sort_type=0,,MS4wLjABAAAAGjKNHxjkCZkvHOlbQoak8AfOMAzx94au5szDYGhfcv4
2026-04-04 20:41:20,error:402 Client Error: Payment Required for url: https://api.tikhub.io/api/v1/douyin/app/v3/fetch_user_post_videos?sec_user_id=MS4wLjABAAAAGjKNHxjkCZkvHOlbQoak8AfOMAzx94au5szDYGhfcv4&max_cursor=0&count=20&sort_type=0,,MS4wLjABAAAAGjKNHxjkCZkvHOlbQoak8AfOMAzx94au5szDYGhfcv4
2026-04-04 20:41:22,error:402 Client Error: Payment Required for url: https://api.tikhub.io/api/v1/douyin/app/v3/fetch_user_post_videos?sec_user_id=MS4wLjABAAAAGjKNHxjkCZkvHOlbQoak8AfOMAzx94au5szDYGhfcv4&max_cursor=0&count=20&sort_type=0,,MS4wLjABAAAAGjKNHxjkCZkvHOlbQoak8AfOMAzx94au5szDYGhfcv4
2026-04-04 20:41:24,error:402 Client Error: Payment Required for url: https://api.tikhub.io/api/v1/douyin/app/v3/fetch_user_post_videos?sec_user_id=MS4wLjABAAAAGjKNHxjkCZkvHOlbQoak8AfOMAzx94au5szDYGhfcv4&max_cursor=0&count=20&sort_type=0,,MS4wLjABAAAAGjKNHxjkCZkvHOlbQoak8AfOMAzx94au5szDYGhfcv4
2026-04-04 23:27:38,ok,https://cache.tikhub.io/api/v1/cache/public/9e5fbce3-f616-428d-b819-b92a9da16205?sign=efd380603c9fc01d85ae9c5fd5e3cf1f7f621768cfa11c7968b9f5af3b487f11,MS4wLjABAAAAGjKNHxjkCZkvHOlbQoak8AfOMAzx94au5szDYGhfcv4
2026-04-16 16:43:10,ok,https://cache.tikhub.io/api/v1/cache/public/22881c66-214a-404f-a8cf-fb882a96e96f?sign=e472f6d5f6b685e18c72a764d0f2489965138f9152f3233a47979baf2ed8c9cb,MS4wLjABAAAAGjKNHxjkCZkvHOlbQoak8AfOMAzx94au5szDYGhfcv4
2026-04-16 16:46:15,ok,https://cache.tikhub.io/api/v1/cache/public/ec700441-e930-4988-af42-dced146f89e5?sign=294d1cf3d8d80b2a6c825829a50446bb8e849c967cb8c937e8492adf709ee2ec,MS4wLjABAAAAGjKNHxjkCZkvHOlbQoak8AfOMAzx94au5szDYGhfcv4
2026-04-16 16:50:36,ok,https://cache.tikhub.io/api/v1/cache/public/347f9ede-8e97-4292-8f9f-d91ee6bbf7db?sign=e34c3572595441cd6ef6ffaacc3878d8bc7408b478657742f4b9cb4373eb36a8,MS4wLjABAAAAGjKNHxjkCZkvHOlbQoak8AfOMAzx94au5szDYGhfcv4
2026-04-16 17:01:08,ok,https://cache.tikhub.io/api/v1/cache/public/fd15a3c9-c549-4d9a-8e71-2274e1457582?sign=852b1aaccd44c3d6186fd19289c7dc82a1371c4f7cb4087e5b99268be1085c77,MS4wLjABAAAAGjKNHxjkCZkvHOlbQoak8AfOMAzx94au5szDYGhfcv4
2026-04-16 17:05:28,ok,https://cache.tikhub.io/api/v1/cache/public/4543b9e9-96e6-462e-8617-3ab20514b7c7?sign=5186e63fbaa6173bd59093fae2670bc43029b0ee40d18e8e90456380f4d0de46,MS4wLjABAAAAGjKNHxjkCZkvHOlbQoak8AfOMAzx94au5szDYGhfcv4
2026-04-16 17:24:13,ok,https://cache.tikhub.io/api/v1/cache/public/03117fcf-5205-443c-83be-583043a362aa?sign=9b8dde6ed997d6dce09639d19a1540aa332e6331d105c12aa0150c15e04330df,MS4wLjABAAAAGjKNHxjkCZkvHOlbQoak8AfOMAzx94au5szDYGhfcv4
2026-04-16 17:52:50,ok,https://cache.tikhub.io/api/v1/cache/public/9328af3f-386a-428d-a9d1-446aa45d5b91?sign=c26a02ad7340c04092eb4c7a6a53f3132f8171a1fa8cbffd76f915557e62e21f,MS4wLjABAAAAGjKNHxjkCZkvHOlbQoak8AfOMAzx94au5szDYGhfcv4
2026-04-19 23:00:01,ok,https://cache.tikhub.io/api/v1/cache/public/9544d1ff-9fac-4479-af70-b3508e10c973?sign=e7fac11f550ab991ed7c9ebdc38b88af0afccc918fcd28dd80c9d9c83450b412,MS4wLjABAAAAGjKNHxjkCZkvHOlbQoak8AfOMAzx94au5szDYGhfcv4
2026-04-28 00:38:44,ok,https://cache.tikhub.io/api/v1/cache/public/6a7a6746-b4d6-4ca6-bf8d-6f85bcc9c5c6?sign=0db3ce838df5f7a9a2cbd410e54824421e40ccef9788a69d96a6edba33841f1b,MS4wLjABAAAAGjKNHxjkCZkvHOlbQoak8AfOMAzx94au5szDYGhfcv4
2026-05-05 19:31:43,ok,https://cache.tikhub.io/api/v1/cache/public/97a67d61-3fe8-44f3-bc7d-1eb4e8bd6187?sign=91fe5cfe26bd95513cb4a2fa6c22b0a76cbc11f0e0c7cd53e4aae5b1eca69d5e,MS4wLjABAAAA3NhJEE5-RjW_DE8JErZY5PL_Yt8o7uS4DxHgzGR-TdUwkg1NthRH1U7D2tRohGZ-
2026-05-05 19:31:45,ok,https://cache.tikhub.io/api/v1/cache/public/8258b2e5-9535-400e-84d9-5e64abf9778a?sign=ba43b4d2fa76c82d1ed8e1d7682233603624fa4ec5fd4915c05f59acedea582f,MS4wLjABAAAAV9wlCMg4etKto04ZY2LUYG9mnOjlRyvpt2c9lnrKRK2TKNqC_Ck9GbcwiFeHwriW
2026-05-05 19:31:48,ok,https://cache.tikhub.io/api/v1/cache/public/8706e093-edea-4172-8d80-3c3e3d510e18?sign=4cfb82e26193e809b2ee9e050a3264421ceeb20a3ba24baee2717e040d3bc61c,MS4wLjABAAAARGMZDHdHFVNne0V-7B2EfFjjtXkUCnbtnz4jGARpiRE
2026-05-05 19:31:50,ok,https://cache.tikhub.io/api/v1/cache/public/9eb5d7ef-666d-482a-a776-a825350eef25?sign=589a7d6238c5c38fd4cead5aa7f6e2fdd1c2b00ef0a42a3e6ba737752183a0a7,MS4wLjABAAAAR7mbjbuS1uJJuakrWxmF4HHaem5ssIrArpcfAa9KkTo
2026-05-05 19:31:53,ok,https://cache.tikhub.io/api/v1/cache/public/305df203-9d09-4d03-b60c-5ada5eccb735?sign=58f97ff3648eb2447517be26ed607a2b3d040d159ce52e3ba775a13f1a759b68,MS4wLjABAAAADmuFM_P2w1Diz0qLXmKgYEhObssl3OHQONpaDXJGvds
2026-05-05 19:31:57,ok,https://cache.tikhub.io/api/v1/cache/public/5a4764fc-e9ce-40c1-9184-16e1061e9e00?sign=6f2183751f875acf8087eb6bb7a2ea621568656066f76dcd4109c789ca6e66f4,MS4wLjABAAAACBVmhzSh2O97bp_27UQ-IjLU4swV0qzCaJbdN7uPiCE
2026-05-05 19:32:02,ok,https://cache.tikhub.io/api/v1/cache/public/206bbbbb-e51a-40d3-93a0-9dac96650a54?sign=d576eac50134a367c7f2e1fc7cd2527f184e5c57d3c2d67adcca3968b0ae761a,MS4wLjABAAAAfmkgbDP3cTho597WkU8Fg3e3c2qZazPbEKbRvJOfngM
2026-05-05 19:32:05,ok,https://cache.tikhub.io/api/v1/cache/public/5ac4eecd-fc6f-43c3-be41-d45a7ec76b0a?sign=ca64587f75eeb6a8eefb66e145084de97c07bc131801e919639b035de582db0f,MS4wLjABAAAAyWUPvsBKZ9ohr6gaPuQFKkGly06rzk2PHB3RQ1gqvbaKhZ1A8Ponu1vYlcxkOlKz
2026-05-05 19:32:09,ok,https://cache.tikhub.io/api/v1/cache/public/be6293a4-325e-4c22-b3a3-a45ea67571a6?sign=5558c0aea47ebf936c7855a53df96184eb61c9ebc01594d928eda2876d50ee96,MS4wLjABAAAAM6Qaol9lNO2zgqlJJJU6bFB3PpfIGjbQPupfwlSJroNdPvPzW38p34xX9pdKRT8M
